Component,P(Fsys | Fi)
e1,0.9999999999999997
e2,0.9999999999999998
e3,0.9999999999999999
e4,1.0
e5,1.0
